{"cameraMode":{"drawMode":0,"name":"Shaded","section":"Shading Mode"},"sceneLighting":true,"audioPlay":false,"sceneViewState":{"showFog":true,"showMaterialUpdate":true,"showSkybox":true,"showFlares":true,"showImageEffects":true,"showParticleSystems":true},"in2DMode":false,"pivot":{"x":0.564300537109375,"y":-5.0,"z":99.70260620117188},"rotation":{"x":0.04824647307395935,"y":0.5163137316703796,"z":-0.02914922498166561,"w":0.8545447587966919},"size":277.1281433105469,"orthographic":true}